GEO.id,GEO.id2,GEO.display-label,HD01_VD01,HD02_VD01
Id,Id2,Geography,Estimate; Median gross rent,Margin of Error; Median gross rent
1400000US25017300100,25017300100,"Census Tract 3001, Middlesex County, Massachusetts",723,107
1400000US25017301101,25017301101,"Census Tract 3011.01, Middlesex County, Massachusetts",841,324
1400000US25017301102,25017301102,"Census Tract 3011.02, Middlesex County, Massachusetts",835,203
1400000US25017302100,25017302100,"Census Tract 3021, Middlesex County, Massachusetts",982,245
1400000US25017302200,25017302200,"Census Tract 3022, Middlesex County, Massachusetts",1075,192
1400000US25017310100,25017310100,"Census Tract 3101, Middlesex County, Massachusetts",548,229
1400000US25017310200,25017310200,"Census Tract 3102, Middlesex County, Massachusetts",916,75
1400000US25017310300,25017310300,"Census Tract 3103, Middlesex County, Massachusetts",891,75
1400000US25017310400,25017310400,"Census Tract 3104, Middlesex County, Massachusetts",891,182
1400000US25017310500,25017310500,"Census Tract 3105, Middlesex County, Massachusetts",1065,117
1400000US25017310601,25017310601,"Census Tract 3106.01, Middlesex County, Massachusetts",827,84
1400000US25017310602,25017310602,"Census Tract 3106.02, Middlesex County, Massachusetts",953,91
1400000US25017310700,25017310700,"Census Tract 3107, Middlesex County, Massachusetts",793,115
1400000US25017310800,25017310800,"Census Tract 3108, Middlesex County, Massachusetts",674,215
1400000US25017311000,25017311000,"Census Tract 3110, Middlesex County, Massachusetts",356,42
1400000US25017311100,25017311100,"Census Tract 3111, Middlesex County, Massachusetts",1035,158
1400000US25017311200,25017311200,"Census Tract 3112, Middlesex County, Massachusetts",717,93
1400000US25017311300,25017311300,"Census Tract 3113, Middlesex County, Massachusetts",969,60
1400000US25017311400,25017311400,"Census Tract 3114, Middlesex County, Massachusetts",1018,94
1400000US25017311500,25017311500,"Census Tract 3115, Middlesex County, Massachusetts",966,290
1400000US25017311600,25017311600,"Census Tract 3116, Middlesex County, Massachusetts",954,68
1400000US25017311700,25017311700,"Census Tract 3117, Middlesex County, Massachusetts",1011,151
1400000US25017311800,25017311800,"Census Tract 3118, Middlesex County, Massachusetts",1048,333
1400000US25017311900,25017311900,"Census Tract 3119, Middlesex County, Massachusetts",533,80
1400000US25017312000,25017312000,"Census Tract 3120, Middlesex County, Massachusetts",944,93
1400000US25017312100,25017312100,"Census Tract 3121, Middlesex County, Massachusetts",1024,122
1400000US25017312200,25017312200,"Census Tract 3122, Middlesex County, Massachusetts",951,137
1400000US25017312300,25017312300,"Census Tract 3123, Middlesex County, Massachusetts",1048,112
1400000US25017312400,25017312400,"Census Tract 3124, Middlesex County, Massachusetts",863,195
1400000US25017312501,25017312501,"Census Tract 3125.01, Middlesex County, Massachusetts",974,164
1400000US25017312502,25017312502,"Census Tract 3125.02, Middlesex County, Massachusetts",865,194
1400000US25017313101,25017313101,"Census Tract 3131.01, Middlesex County, Massachusetts",755,382
1400000US25017313102,25017313102,"Census Tract 3131.02, Middlesex County, Massachusetts",1189,172
1400000US25017314101,25017314101,"Census Tract 3141.01, Middlesex County, Massachusetts",1128,36
1400000US25017314102,25017314102,"Census Tract 3141.02, Middlesex County, Massachusetts",1075,125
1400000US25017314200,25017314200,"Census Tract 3142, Middlesex County, Massachusetts",958,166
1400000US25017314301,25017314301,"Census Tract 3143.01, Middlesex County, Massachusetts",1011,102
1400000US25017314302,25017314302,"Census Tract 3143.02, Middlesex County, Massachusetts",-,**
1400000US25017315100,25017315100,"Census Tract 3151, Middlesex County, Massachusetts",854,200
1400000US25017315200,25017315200,"Census Tract 3152, Middlesex County, Massachusetts",1229,238
1400000US25017315401,25017315401,"Census Tract 3154.01, Middlesex County, Massachusetts",466,121
1400000US25017315402,25017315402,"Census Tract 3154.02, Middlesex County, Massachusetts",-,**
1400000US25017315403,25017315403,"Census Tract 3154.03, Middlesex County, Massachusetts",1302,653
1400000US25017315500,25017315500,"Census Tract 3155, Middlesex County, Massachusetts",1449,207
1400000US25017316101,25017316101,"Census Tract 3161.01, Middlesex County, Massachusetts",1241,172
1400000US25017316102,25017316102,"Census Tract 3161.02, Middlesex County, Massachusetts",920,754
1400000US25017316201,25017316201,"Census Tract 3162.01, Middlesex County, Massachusetts","2,000+",***
1400000US25017316202,25017316202,"Census Tract 3162.02, Middlesex County, Massachusetts",905,341
1400000US25017316300,25017316300,"Census Tract 3163, Middlesex County, Massachusetts",1193,121
1400000US25017316400,25017316400,"Census Tract 3164, Middlesex County, Massachusetts",1600,908
1400000US25017316500,25017316500,"Census Tract 3165, Middlesex County, Massachusetts",1088,80
1400000US25017317101,25017317101,"Census Tract 3171.01, Middlesex County, Massachusetts",996,279
1400000US25017317102,25017317102,"Census Tract 3171.02, Middlesex County, Massachusetts",1245,120
1400000US25017317103,25017317103,"Census Tract 3171.03, Middlesex County, Massachusetts",-,**
1400000US25017317201,25017317201,"Census Tract 3172.01, Middlesex County, Massachusetts",-,**
1400000US25017317202,25017317202,"Census Tract 3172.02, Middlesex County, Massachusetts",-,**
1400000US25017317203,25017317203,"Census Tract 3172.03, Middlesex County, Massachusetts",945,66
1400000US25017317300,25017317300,"Census Tract 3173, Middlesex County, Massachusetts",1104,197
1400000US25017318100,25017318100,"Census Tract 3181, Middlesex County, Massachusetts",1625,568
1400000US25017318200,25017318200,"Census Tract 3182, Middlesex County, Massachusetts",1095,146
1400000US25017318300,25017318300,"Census Tract 3183, Middlesex County, Massachusetts",1740,515
1400000US25017318400,25017318400,"Census Tract 3184, Middlesex County, Massachusetts",1012,198
1400000US25017320101,25017320101,"Census Tract 3201.01, Middlesex County, Massachusetts",959,610
1400000US25017320102,25017320102,"Census Tract 3201.02, Middlesex County, Massachusetts",973,1752
1400000US25017321100,25017321100,"Census Tract 3211, Middlesex County, Massachusetts",998,114
1400000US25017321200,25017321200,"Census Tract 3212, Middlesex County, Massachusetts",1041,121
1400000US25017321300,25017321300,"Census Tract 3213, Middlesex County, Massachusetts",872,121
1400000US25017321400,25017321400,"Census Tract 3214, Middlesex County, Massachusetts",1769,171
1400000US25017321500,25017321500,"Census Tract 3215, Middlesex County, Massachusetts",931,193
1400000US25017321600,25017321600,"Census Tract 3216, Middlesex County, Massachusetts",1193,98
1400000US25017322100,25017322100,"Census Tract 3221, Middlesex County, Massachusetts",1259,257
1400000US25017322200,25017322200,"Census Tract 3222, Middlesex County, Massachusetts",933,213
1400000US25017322300,25017322300,"Census Tract 3223, Middlesex County, Massachusetts",1011,151
1400000US25017322400,25017322400,"Census Tract 3224, Middlesex County, Massachusetts",1015,137
1400000US25017323100,25017323100,"Census Tract 3231, Middlesex County, Massachusetts",1529,549
1400000US25017324100,25017324100,"Census Tract 3241, Middlesex County, Massachusetts",741,253
1400000US25017325100,25017325100,"Census Tract 3251, Middlesex County, Massachusetts",855,58
1400000US25017326100,25017326100,"Census Tract 3261, Middlesex County, Massachusetts",1503,941
1400000US25017327101,25017327101,"Census Tract 3271.01, Middlesex County, Massachusetts",980,508
1400000US25017327102,25017327102,"Census Tract 3271.02, Middlesex County, Massachusetts",967,429
1400000US25017327103,25017327103,"Census Tract 3271.03, Middlesex County, Massachusetts",672,109
1400000US25017328100,25017328100,"Census Tract 3281, Middlesex County, Massachusetts",493,1631
1400000US25017330100,25017330100,"Census Tract 3301, Middlesex County, Massachusetts",538,1258
1400000US25017330200,25017330200,"Census Tract 3302, Middlesex County, Massachusetts",1334,175
1400000US25017331101,25017331101,"Census Tract 3311.01, Middlesex County, Massachusetts",1770,203
1400000US25017331102,25017331102,"Census Tract 3311.02, Middlesex County, Massachusetts",1391,98
1400000US25017331200,25017331200,"Census Tract 3312, Middlesex County, Massachusetts",1517,719
1400000US25017331300,25017331300,"Census Tract 3313, Middlesex County, Massachusetts",873,459
1400000US25017332100,25017332100,"Census Tract 3321, Middlesex County, Massachusetts",1833,656
1400000US25017332200,25017332200,"Census Tract 3322, Middlesex County, Massachusetts",1537,102
1400000US25017332300,25017332300,"Census Tract 3323, Middlesex County, Massachusetts",1325,178
1400000US25017332400,25017332400,"Census Tract 3324, Middlesex County, Massachusetts",1641,183
1400000US25017333100,25017333100,"Census Tract 3331, Middlesex County, Massachusetts",1204,60
1400000US25017333200,25017333200,"Census Tract 3332, Middlesex County, Massachusetts",1067,95
1400000US25017333300,25017333300,"Census Tract 3333, Middlesex County, Massachusetts",1100,124
1400000US25017333400,25017333400,"Census Tract 3334, Middlesex County, Massachusetts",1171,185
1400000US25017333501,25017333501,"Census Tract 3335.01, Middlesex County, Massachusetts",1206,232
1400000US25017333502,25017333502,"Census Tract 3335.02, Middlesex County, Massachusetts",1095,107
1400000US25017333600,25017333600,"Census Tract 3336, Middlesex County, Massachusetts",1278,96
1400000US25017334100,25017334100,"Census Tract 3341, Middlesex County, Massachusetts",1026,185
1400000US25017334200,25017334200,"Census Tract 3342, Middlesex County, Massachusetts",1045,122
1400000US25017334300,25017334300,"Census Tract 3343, Middlesex County, Massachusetts",267,174
1400000US25017334400,25017334400,"Census Tract 3344, Middlesex County, Massachusetts",900,491
1400000US25017335100,25017335100,"Census Tract 3351, Middlesex County, Massachusetts",1084,156
1400000US25017335200,25017335200,"Census Tract 3352, Middlesex County, Massachusetts",977,114
1400000US25017335300,25017335300,"Census Tract 3353, Middlesex County, Massachusetts",1118,109
1400000US25017335400,25017335400,"Census Tract 3354, Middlesex County, Massachusetts",971,77
1400000US25017336100,25017336100,"Census Tract 3361, Middlesex County, Massachusetts",686,218
1400000US25017336200,25017336200,"Census Tract 3362, Middlesex County, Massachusetts",1462,569
1400000US25017336300,25017336300,"Census Tract 3363, Middlesex County, Massachusetts",1021,330
1400000US25017336401,25017336401,"Census Tract 3364.01, Middlesex County, Massachusetts",1160,47
1400000US25017336402,25017336402,"Census Tract 3364.02, Middlesex County, Massachusetts",963,138
1400000US25017337101,25017337101,"Census Tract 3371.01, Middlesex County, Massachusetts",759,209
1400000US25017337102,25017337102,"Census Tract 3371.02, Middlesex County, Massachusetts",1227,372
1400000US25017337201,25017337201,"Census Tract 3372.01, Middlesex County, Massachusetts",1028,69
1400000US25017337202,25017337202,"Census Tract 3372.02, Middlesex County, Massachusetts",1124,126
1400000US25017337300,25017337300,"Census Tract 3373, Middlesex County, Massachusetts",1297,62
1400000US25017338100,25017338100,"Census Tract 3381, Middlesex County, Massachusetts",1808,971
1400000US25017338200,25017338200,"Census Tract 3382, Middlesex County, Massachusetts",1213,177
1400000US25017338300,25017338300,"Census Tract 3383, Middlesex County, Massachusetts",1475,252
1400000US25017338400,25017338400,"Census Tract 3384, Middlesex County, Massachusetts","2,000+",***
1400000US25017338500,25017338500,"Census Tract 3385, Middlesex County, Massachusetts",797,675
1400000US25017339100,25017339100,"Census Tract 3391, Middlesex County, Massachusetts",632,279
1400000US25017339200,25017339200,"Census Tract 3392, Middlesex County, Massachusetts",1471,198
1400000US25017339300,25017339300,"Census Tract 3393, Middlesex County, Massachusetts",1269,149
1400000US25017339400,25017339400,"Census Tract 3394, Middlesex County, Massachusetts",975,182
1400000US25017339500,25017339500,"Census Tract 3395, Middlesex County, Massachusetts",1237,240
1400000US25017339600,25017339600,"Census Tract 3396, Middlesex County, Massachusetts",1392,95
1400000US25017339700,25017339700,"Census Tract 3397, Middlesex County, Massachusetts",1252,145
1400000US25017339800,25017339800,"Census Tract 3398, Middlesex County, Massachusetts",1429,137
1400000US25017339900,25017339900,"Census Tract 3399, Middlesex County, Massachusetts",1249,127
1400000US25017340000,25017340000,"Census Tract 3400, Middlesex County, Massachusetts",1228,193
1400000US25017340100,25017340100,"Census Tract 3401, Middlesex County, Massachusetts",1391,502
1400000US25017341100,25017341100,"Census Tract 3411, Middlesex County, Massachusetts",1032,97
1400000US25017341200,25017341200,"Census Tract 3412, Middlesex County, Massachusetts",1141,74
1400000US25017341300,25017341300,"Census Tract 3413, Middlesex County, Massachusetts",1136,99
1400000US25017341400,25017341400,"Census Tract 3414, Middlesex County, Massachusetts",1108,85
1400000US25017341500,25017341500,"Census Tract 3415, Middlesex County, Massachusetts",1122,120
1400000US25017341600,25017341600,"Census Tract 3416, Middlesex County, Massachusetts",1237,129
1400000US25017341700,25017341700,"Census Tract 3417, Middlesex County, Massachusetts",877,227
1400000US25017341800,25017341800,"Census Tract 3418, Middlesex County, Massachusetts",1185,251
1400000US25017341900,25017341900,"Census Tract 3419, Middlesex County, Massachusetts",1336,67
1400000US25017342100,25017342100,"Census Tract 3421, Middlesex County, Massachusetts",1033,102
1400000US25017342200,25017342200,"Census Tract 3422, Middlesex County, Massachusetts",1060,73
1400000US25017342300,25017342300,"Census Tract 3423, Middlesex County, Massachusetts",1200,64
1400000US25017342400,25017342400,"Census Tract 3424, Middlesex County, Massachusetts",1118,65
1400000US25017342500,25017342500,"Census Tract 3425, Middlesex County, Massachusetts",1076,93
1400000US25017342600,25017342600,"Census Tract 3426, Middlesex County, Massachusetts",1154,137
1400000US25017350100,25017350100,"Census Tract 3501, Middlesex County, Massachusetts",1260,95
1400000US25017350200,25017350200,"Census Tract 3502, Middlesex County, Massachusetts",1286,85
1400000US25017350300,25017350300,"Census Tract 3503, Middlesex County, Massachusetts",1094,97
1400000US25017350400,25017350400,"Census Tract 3504, Middlesex County, Massachusetts",1602,139
1400000US25017350500,25017350500,"Census Tract 3505, Middlesex County, Massachusetts",1519,135
1400000US25017350600,25017350600,"Census Tract 3506, Middlesex County, Massachusetts",1697,179
1400000US25017350700,25017350700,"Census Tract 3507, Middlesex County, Massachusetts",1061,170
1400000US25017350800,25017350800,"Census Tract 3508, Middlesex County, Massachusetts",1568,165
1400000US25017350900,25017350900,"Census Tract 3509, Middlesex County, Massachusetts",1495,144
1400000US25017351000,25017351000,"Census Tract 3510, Middlesex County, Massachusetts",1460,85
1400000US25017351100,25017351100,"Census Tract 3511, Middlesex County, Massachusetts",1188,71
1400000US25017351200,25017351200,"Census Tract 3512, Middlesex County, Massachusetts",1406,110
1400000US25017351300,25017351300,"Census Tract 3513, Middlesex County, Massachusetts",1127,103
1400000US25017351400,25017351400,"Census Tract 3514, Middlesex County, Massachusetts",1079,98
1400000US25017351500,25017351500,"Census Tract 3515, Middlesex County, Massachusetts",1084,91
1400000US25017352100,25017352100,"Census Tract 3521, Middlesex County, Massachusetts",1577,286
1400000US25017352200,25017352200,"Census Tract 3522, Middlesex County, Massachusetts",1098,234
1400000US25017352300,25017352300,"Census Tract 3523, Middlesex County, Massachusetts",1703,234
1400000US25017352400,25017352400,"Census Tract 3524, Middlesex County, Massachusetts",735,192
1400000US25017352500,25017352500,"Census Tract 3525, Middlesex County, Massachusetts",1319,128
1400000US25017352600,25017352600,"Census Tract 3526, Middlesex County, Massachusetts",1401,143
1400000US25017352700,25017352700,"Census Tract 3527, Middlesex County, Massachusetts",863,138
1400000US25017352800,25017352800,"Census Tract 3528, Middlesex County, Massachusetts",1500,168
1400000US25017352900,25017352900,"Census Tract 3529, Middlesex County, Massachusetts",1460,183
1400000US25017353000,25017353000,"Census Tract 3530, Middlesex County, Massachusetts",1393,183
1400000US25017353100,25017353100,"Census Tract 3531, Middlesex County, Massachusetts",1478,117
1400000US25017353200,25017353200,"Census Tract 3532, Middlesex County, Massachusetts",1678,224
1400000US25017353300,25017353300,"Census Tract 3533, Middlesex County, Massachusetts",1574,151
1400000US25017353400,25017353400,"Census Tract 3534, Middlesex County, Massachusetts",1287,122
1400000US25017353500,25017353500,"Census Tract 3535, Middlesex County, Massachusetts",1389,184
1400000US25017353600,25017353600,"Census Tract 3536, Middlesex County, Massachusetts",1343,89
1400000US25017353700,25017353700,"Census Tract 3537, Middlesex County, Massachusetts",1416,67
1400000US25017353800,25017353800,"Census Tract 3538, Middlesex County, Massachusetts",1628,83
1400000US25017353900,25017353900,"Census Tract 3539, Middlesex County, Massachusetts",1416,36
1400000US25017354000,25017354000,"Census Tract 3540, Middlesex County, Massachusetts",1446,108
1400000US25017354100,25017354100,"Census Tract 3541, Middlesex County, Massachusetts",1498,144
1400000US25017354200,25017354200,"Census Tract 3542, Middlesex County, Massachusetts",1709,235
1400000US25017354300,25017354300,"Census Tract 3543, Middlesex County, Massachusetts",1618,187
1400000US25017354400,25017354400,"Census Tract 3544, Middlesex County, Massachusetts",1607,201
1400000US25017354500,25017354500,"Census Tract 3545, Middlesex County, Massachusetts",1494,135
1400000US25017354600,25017354600,"Census Tract 3546, Middlesex County, Massachusetts",1298,157
1400000US25017354700,25017354700,"Census Tract 3547, Middlesex County, Massachusetts",1728,260
1400000US25017354800,25017354800,"Census Tract 3548, Middlesex County, Massachusetts",1511,220
1400000US25017354900,25017354900,"Census Tract 3549, Middlesex County, Massachusetts",936,88
1400000US25017355000,25017355000,"Census Tract 3550, Middlesex County, Massachusetts",1043,194
1400000US25017356100,25017356100,"Census Tract 3561, Middlesex County, Massachusetts",1569,124
1400000US25017356200,25017356200,"Census Tract 3562, Middlesex County, Massachusetts",1402,98
1400000US25017356300,25017356300,"Census Tract 3563, Middlesex County, Massachusetts",1181,59
1400000US25017356400,25017356400,"Census Tract 3564, Middlesex County, Massachusetts",1270,149
1400000US25017356500,25017356500,"Census Tract 3565, Middlesex County, Massachusetts",1041,152
1400000US25017356601,25017356601,"Census Tract 3566.01, Middlesex County, Massachusetts",1170,137
1400000US25017356602,25017356602,"Census Tract 3566.02, Middlesex County, Massachusetts",1220,87
1400000US25017356700,25017356700,"Census Tract 3567, Middlesex County, Massachusetts",1067,229
1400000US25017357100,25017357100,"Census Tract 3571, Middlesex County, Massachusetts",1681,68
1400000US25017357200,25017357200,"Census Tract 3572, Middlesex County, Massachusetts",1417,136
1400000US25017357300,25017357300,"Census Tract 3573, Middlesex County, Massachusetts",1574,105
1400000US25017357400,25017357400,"Census Tract 3574, Middlesex County, Massachusetts",1821,180
1400000US25017357500,25017357500,"Census Tract 3575, Middlesex County, Massachusetts",1645,118
1400000US25017357600,25017357600,"Census Tract 3576, Middlesex County, Massachusetts",1368,208
1400000US25017357700,25017357700,"Census Tract 3577, Middlesex County, Massachusetts",1352,134
1400000US25017357800,25017357800,"Census Tract 3578, Middlesex County, Massachusetts",1069,376
1400000US25017358100,25017358100,"Census Tract 3581, Middlesex County, Massachusetts",1488,528
1400000US25017358300,25017358300,"Census Tract 3583, Middlesex County, Massachusetts","2,000+",***
1400000US25017358400,25017358400,"Census Tract 3584, Middlesex County, Massachusetts",1717,92
1400000US25017358500,25017358500,"Census Tract 3585, Middlesex County, Massachusetts",397,2203
1400000US25017358600,25017358600,"Census Tract 3586, Middlesex County, Massachusetts",1710,271
1400000US25017358700,25017358700,"Census Tract 3587, Middlesex County, Massachusetts","2,000+",***
1400000US25017359100,25017359100,"Census Tract 3591, Middlesex County, Massachusetts",1152,242
1400000US25017359300,25017359300,"Census Tract 3593, Middlesex County, Massachusetts",1352,82
1400000US25017360100,25017360100,"Census Tract 3601, Middlesex County, Massachusetts","2,000+",***
1400000US25017360200,25017360200,"Census Tract 3602, Middlesex County, Massachusetts",1410,341
1400000US25017361100,25017361100,"Census Tract 3611, Middlesex County, Massachusetts",1772,422
1400000US25017361200,25017361200,"Census Tract 3612, Middlesex County, Massachusetts",1528,286
1400000US25017361300,25017361300,"Census Tract 3613, Middlesex County, Massachusetts",609,157
1400000US25017362100,25017362100,"Census Tract 3621, Middlesex County, Massachusetts","2,000+",***
1400000US25017363101,25017363101,"Census Tract 3631.01, Middlesex County, Massachusetts",961,82
1400000US25017363102,25017363102,"Census Tract 3631.02, Middlesex County, Massachusetts",1073,85
1400000US25017363201,25017363201,"Census Tract 3632.01, Middlesex County, Massachusetts",696,463
1400000US25017363202,25017363202,"Census Tract 3632.02, Middlesex County, Massachusetts",1344,189
1400000US25017364101,25017364101,"Census Tract 3641.01, Middlesex County, Massachusetts",977,70
1400000US25017364102,25017364102,"Census Tract 3641.02, Middlesex County, Massachusetts",979,126
1400000US25017365100,25017365100,"Census Tract 3651, Middlesex County, Massachusetts","2,000+",***
1400000US25017365201,25017365201,"Census Tract 3652.01, Middlesex County, Massachusetts",539,342
1400000US25017365202,25017365202,"Census Tract 3652.02, Middlesex County, Massachusetts",289,184
1400000US25017366100,25017366100,"Census Tract 3661, Middlesex County, Massachusetts",1196,421
1400000US25017366200,25017366200,"Census Tract 3662, Middlesex County, Massachusetts","2,000+",***
1400000US25017367100,25017367100,"Census Tract 3671, Middlesex County, Massachusetts","2,000+",***
1400000US25017367200,25017367200,"Census Tract 3672, Middlesex County, Massachusetts",1949,711
1400000US25017368101,25017368101,"Census Tract 3681.01, Middlesex County, Massachusetts",1779,76
1400000US25017368102,25017368102,"Census Tract 3681.02, Middlesex County, Massachusetts",1538,849
1400000US25017368200,25017368200,"Census Tract 3682, Middlesex County, Massachusetts",1865,309
1400000US25017368300,25017368300,"Census Tract 3683, Middlesex County, Massachusetts",1119,186
1400000US25017368400,25017368400,"Census Tract 3684, Middlesex County, Massachusetts",1285,93
1400000US25017368500,25017368500,"Census Tract 3685, Middlesex County, Massachusetts",1067,85
1400000US25017368600,25017368600,"Census Tract 3686, Middlesex County, Massachusetts",1135,92
1400000US25017368700,25017368700,"Census Tract 3687, Middlesex County, Massachusetts",1251,155
1400000US25017368800,25017368800,"Census Tract 3688, Middlesex County, Massachusetts",1119,59
1400000US25017368901,25017368901,"Census Tract 3689.01, Middlesex County, Massachusetts",1340,142
1400000US25017368902,25017368902,"Census Tract 3689.02, Middlesex County, Massachusetts",1371,56
1400000US25017369000,25017369000,"Census Tract 3690, Middlesex County, Massachusetts",786,51
1400000US25017369100,25017369100,"Census Tract 3691, Middlesex County, Massachusetts",1103,71
1400000US25017370101,25017370101,"Census Tract 3701.01, Middlesex County, Massachusetts",1057,207
1400000US25017370102,25017370102,"Census Tract 3701.02, Middlesex County, Massachusetts",1233,97
1400000US25017370200,25017370200,"Census Tract 3702, Middlesex County, Massachusetts",1614,79
1400000US25017370300,25017370300,"Census Tract 3703, Middlesex County, Massachusetts",1347,82
1400000US25017370400,25017370400,"Census Tract 3704, Middlesex County, Massachusetts",1400,56
1400000US25017373100,25017373100,"Census Tract 3731, Middlesex County, Massachusetts",1490,144
1400000US25017373200,25017373200,"Census Tract 3732, Middlesex County, Massachusetts",1441,204
1400000US25017373300,25017373300,"Census Tract 3733, Middlesex County, Massachusetts",1291,324
1400000US25017373400,25017373400,"Census Tract 3734, Middlesex County, Massachusetts",1739,110
1400000US25017373500,25017373500,"Census Tract 3735, Middlesex County, Massachusetts",1548,424
1400000US25017373600,25017373600,"Census Tract 3736, Middlesex County, Massachusetts",1943,379
1400000US25017373700,25017373700,"Census Tract 3737, Middlesex County, Massachusetts",1556,654
1400000US25017373800,25017373800,"Census Tract 3738, Middlesex County, Massachusetts",1571,181
1400000US25017373900,25017373900,"Census Tract 3739, Middlesex County, Massachusetts",1515,413
1400000US25017374000,25017374000,"Census Tract 3740, Middlesex County, Massachusetts",556,1167
1400000US25017374100,25017374100,"Census Tract 3741, Middlesex County, Massachusetts",1406,207
1400000US25017374200,25017374200,"Census Tract 3742, Middlesex County, Massachusetts",1451,150
1400000US25017374300,25017374300,"Census Tract 3743, Middlesex County, Massachusetts",1311,194
1400000US25017374400,25017374400,"Census Tract 3744, Middlesex County, Massachusetts",506,723
1400000US25017374500,25017374500,"Census Tract 3745, Middlesex County, Massachusetts",1338,71
1400000US25017374600,25017374600,"Census Tract 3746, Middlesex County, Massachusetts",1593,128
1400000US25017374700,25017374700,"Census Tract 3747, Middlesex County, Massachusetts",1406,90
1400000US25017374800,25017374800,"Census Tract 3748, Middlesex County, Massachusetts",1829,165
1400000US25017382100,25017382100,"Census Tract 3821, Middlesex County, Massachusetts",1237,1791
1400000US25017382200,25017382200,"Census Tract 3822, Middlesex County, Massachusetts",1320,416
1400000US25017382300,25017382300,"Census Tract 3823, Middlesex County, Massachusetts",1148,343
1400000US25017382400,25017382400,"Census Tract 3824, Middlesex County, Massachusetts",1088,273
1400000US25017382500,25017382500,"Census Tract 3825, Middlesex County, Massachusetts",1247,96
1400000US25017382600,25017382600,"Census Tract 3826, Middlesex County, Massachusetts",1215,83
1400000US25017383100,25017383100,"Census Tract 3831, Middlesex County, Massachusetts",941,186
1400000US25017383200,25017383200,"Census Tract 3832, Middlesex County, Massachusetts",1134,112
1400000US25017383300,25017383300,"Census Tract 3833, Middlesex County, Massachusetts",1096,45
1400000US25017383400,25017383400,"Census Tract 3834, Middlesex County, Massachusetts",999,100
1400000US25017383501,25017383501,"Census Tract 3835.01, Middlesex County, Massachusetts",869,87
1400000US25017383502,25017383502,"Census Tract 3835.02, Middlesex County, Massachusetts",1055,367
1400000US25017383600,25017383600,"Census Tract 3836, Middlesex County, Massachusetts",1245,161
1400000US25017383700,25017383700,"Census Tract 3837, Middlesex County, Massachusetts",1157,219
1400000US25017383800,25017383800,"Census Tract 3838, Middlesex County, Massachusetts",1045,215
1400000US25017383901,25017383901,"Census Tract 3839.01, Middlesex County, Massachusetts",1078,433
1400000US25017383902,25017383902,"Census Tract 3839.02, Middlesex County, Massachusetts",908,274
1400000US25017384000,25017384000,"Census Tract 3840, Middlesex County, Massachusetts",1231,91
1400000US25017385100,25017385100,"Census Tract 3851, Middlesex County, Massachusetts",983,201
1400000US25017385200,25017385200,"Census Tract 3852, Middlesex County, Massachusetts",1199,100
1400000US25017386100,25017386100,"Census Tract 3861, Middlesex County, Massachusetts",1052,806
1400000US25017387100,25017387100,"Census Tract 3871, Middlesex County, Massachusetts",548,529
1400000US25017387201,25017387201,"Census Tract 3872.01, Middlesex County, Massachusetts",976,105
1400000US25017387202,25017387202,"Census Tract 3872.02, Middlesex County, Massachusetts",786,54
1400000US25017388100,25017388100,"Census Tract 3881, Middlesex County, Massachusetts",1010,112
1400000US25021400100,25021400100,"Census Tract 4001, Norfolk County, Massachusetts",1539,195
1400000US25021400200,25021400200,"Census Tract 4002, Norfolk County, Massachusetts",1876,141
1400000US25021400300,25021400300,"Census Tract 4003, Norfolk County, Massachusetts",1767,153
1400000US25021400400,25021400400,"Census Tract 4004, Norfolk County, Massachusetts",1566,168
1400000US25021400500,25021400500,"Census Tract 4005, Norfolk County, Massachusetts",1858,99
1400000US25021400600,25021400600,"Census Tract 4006, Norfolk County, Massachusetts",1739,214
1400000US25021400700,25021400700,"Census Tract 4007, Norfolk County, Massachusetts",1688,238
1400000US25021400800,25021400800,"Census Tract 4008, Norfolk County, Massachusetts",1410,78
1400000US25021400900,25021400900,"Census Tract 4009, Norfolk County, Massachusetts",1434,256
1400000US25021401000,25021401000,"Census Tract 4010, Norfolk County, Massachusetts",1399,351
1400000US25021401100,25021401100,"Census Tract 4011, Norfolk County, Massachusetts",1778,243
1400000US25021401200,25021401200,"Census Tract 4012, Norfolk County, Massachusetts",1786,73
1400000US25021402101,25021402101,"Census Tract 4021.01, Norfolk County, Massachusetts",1302,331
1400000US25021402102,25021402102,"Census Tract 4021.02, Norfolk County, Massachusetts",1110,327
1400000US25021402200,25021402200,"Census Tract 4022, Norfolk County, Massachusetts",1579,254
1400000US25021402300,25021402300,"Census Tract 4023, Norfolk County, Massachusetts",1574,1395
1400000US25021402400,25021402400,"Census Tract 4024, Norfolk County, Massachusetts",985,291
1400000US25021402500,25021402500,"Census Tract 4025, Norfolk County, Massachusetts",1364,116
1400000US25021403100,25021403100,"Census Tract 4031, Norfolk County, Massachusetts",1306,588
1400000US25021403200,25021403200,"Census Tract 4032, Norfolk County, Massachusetts",1855,381
1400000US25021403300,25021403300,"Census Tract 4033, Norfolk County, Massachusetts",1333,233
1400000US25021403400,25021403400,"Census Tract 4034, Norfolk County, Massachusetts",1447,242
1400000US25021403500,25021403500,"Census Tract 4035, Norfolk County, Massachusetts",1818,171
1400000US25021404100,25021404100,"Census Tract 4041, Norfolk County, Massachusetts",341,194
1400000US25021404201,25021404201,"Census Tract 4042.01, Norfolk County, Massachusetts","2,000+",***
1400000US25021404202,25021404202,"Census Tract 4042.02, Norfolk County, Massachusetts",1831,260
1400000US25021404301,25021404301,"Census Tract 4043.01, Norfolk County, Massachusetts",1216,1747
1400000US25021404302,25021404302,"Census Tract 4043.02, Norfolk County, Massachusetts",1750,338
1400000US25021404400,25021404400,"Census Tract 4044, Norfolk County, Massachusetts",761,150
1400000US25021405100,25021405100,"Census Tract 4051, Norfolk County, Massachusetts","2,000+",***
1400000US25021406101,25021406101,"Census Tract 4061.01, Norfolk County, Massachusetts",1019,131
1400000US25021406102,25021406102,"Census Tract 4061.02, Norfolk County, Massachusetts",863,162
1400000US25021407100,25021407100,"Census Tract 4071, Norfolk County, Massachusetts",1067,49
1400000US25021408101,25021408101,"Census Tract 4081.01, Norfolk County, Massachusetts",503,443
1400000US25021408102,25021408102,"Census Tract 4081.02, Norfolk County, Massachusetts",983,89
1400000US25021409101,25021409101,"Census Tract 4091.01, Norfolk County, Massachusetts",475,523
1400000US25021409102,25021409102,"Census Tract 4091.02, Norfolk County, Massachusetts",325,257
1400000US25021410100,25021410100,"Census Tract 4101, Norfolk County, Massachusetts",757,323
1400000US25021410300,25021410300,"Census Tract 4103, Norfolk County, Massachusetts",1345,421
1400000US25021410400,25021410400,"Census Tract 4104, Norfolk County, Massachusetts",1133,34
1400000US25021411100,25021411100,"Census Tract 4111, Norfolk County, Massachusetts",1118,127
1400000US25021411200,25021411200,"Census Tract 4112, Norfolk County, Massachusetts",1159,89
1400000US25021411300,25021411300,"Census Tract 4113, Norfolk County, Massachusetts",1665,205
1400000US25021412100,25021412100,"Census Tract 4121, Norfolk County, Massachusetts",578,103
1400000US25021412200,25021412200,"Census Tract 4122, Norfolk County, Massachusetts",1418,252
1400000US25021412300,25021412300,"Census Tract 4123, Norfolk County, Massachusetts","2,000+",***
1400000US25021413100,25021413100,"Census Tract 4131, Norfolk County, Massachusetts",1094,89
1400000US25021413200,25021413200,"Census Tract 4132, Norfolk County, Massachusetts",838,187
1400000US25021413300,25021413300,"Census Tract 4133, Norfolk County, Massachusetts",1466,139
1400000US25021413400,25021413400,"Census Tract 4134, Norfolk County, Massachusetts",1223,92
1400000US25021413500,25021413500,"Census Tract 4135, Norfolk County, Massachusetts",1331,52
1400000US25021414100,25021414100,"Census Tract 4141, Norfolk County, Massachusetts",1819,700
1400000US25021414200,25021414200,"Census Tract 4142, Norfolk County, Massachusetts","2,000+",***
1400000US25021414300,25021414300,"Census Tract 4143, Norfolk County, Massachusetts",1002,347
1400000US25021415101,25021415101,"Census Tract 4151.01, Norfolk County, Massachusetts",1294,548
1400000US25021415102,25021415102,"Census Tract 4151.02, Norfolk County, Massachusetts",1138,142
1400000US25021415200,25021415200,"Census Tract 4152, Norfolk County, Massachusetts",1355,73
1400000US25021415300,25021415300,"Census Tract 4153, Norfolk County, Massachusetts",1284,564
1400000US25021416100,25021416100,"Census Tract 4161, Norfolk County, Massachusetts",731,60
1400000US25021416200,25021416200,"Census Tract 4162, Norfolk County, Massachusetts",1515,222
1400000US25021416300,25021416300,"Census Tract 4163, Norfolk County, Massachusetts",1068,569
1400000US25021416400,25021416400,"Census Tract 4164, Norfolk County, Massachusetts",1607,256
1400000US25021417100,25021417100,"Census Tract 4171, Norfolk County, Massachusetts",1057,68
1400000US25021417200,25021417200,"Census Tract 4172, Norfolk County, Massachusetts",1173,116
1400000US25021417300,25021417300,"Census Tract 4173, Norfolk County, Massachusetts",1225,589
1400000US25021417400,25021417400,"Census Tract 4174, Norfolk County, Massachusetts",1052,186
1400000US25021417501,25021417501,"Census Tract 4175.01, Norfolk County, Massachusetts",1267,103
1400000US25021417502,25021417502,"Census Tract 4175.02, Norfolk County, Massachusetts",1222,110
1400000US25021417601,25021417601,"Census Tract 4176.01, Norfolk County, Massachusetts",1175,170
1400000US25021417602,25021417602,"Census Tract 4176.02, Norfolk County, Massachusetts",983,104
1400000US25021417700,25021417700,"Census Tract 4177, Norfolk County, Massachusetts",944,101
1400000US25021417801,25021417801,"Census Tract 4178.01, Norfolk County, Massachusetts",1140,89
1400000US25021417802,25021417802,"Census Tract 4178.02, Norfolk County, Massachusetts",432,65
1400000US25021417901,25021417901,"Census Tract 4179.01, Norfolk County, Massachusetts",987,114
1400000US25021417902,25021417902,"Census Tract 4179.02, Norfolk County, Massachusetts",1163,56
1400000US25021418001,25021418001,"Census Tract 4180.01, Norfolk County, Massachusetts",1267,87
1400000US25021418002,25021418002,"Census Tract 4180.02, Norfolk County, Massachusetts",1279,67
1400000US25021418100,25021418100,"Census Tract 4181, Norfolk County, Massachusetts",1216,110
1400000US25021418200,25021418200,"Census Tract 4182, Norfolk County, Massachusetts",1189,81
1400000US25021419100,25021419100,"Census Tract 4191, Norfolk County, Massachusetts",1354,208
1400000US25021419200,25021419200,"Census Tract 4192, Norfolk County, Massachusetts",1082,547
1400000US25021419300,25021419300,"Census Tract 4193, Norfolk County, Massachusetts",1077,199
1400000US25021419400,25021419400,"Census Tract 4194, Norfolk County, Massachusetts",1134,244
1400000US25021419500,25021419500,"Census Tract 4195, Norfolk County, Massachusetts",989,116
1400000US25021419600,25021419600,"Census Tract 4196, Norfolk County, Massachusetts",1392,311
1400000US25021419700,25021419700,"Census Tract 4197, Norfolk County, Massachusetts",827,425
1400000US25021419800,25021419800,"Census Tract 4198, Norfolk County, Massachusetts",1151,116
1400000US25021420100,25021420100,"Census Tract 4201, Norfolk County, Massachusetts",1317,265
1400000US25021420201,25021420201,"Census Tract 4202.01, Norfolk County, Massachusetts",524,155
1400000US25021420202,25021420202,"Census Tract 4202.02, Norfolk County, Massachusetts",1159,92
1400000US25021420301,25021420301,"Census Tract 4203.01, Norfolk County, Massachusetts",1120,150
1400000US25021420302,25021420302,"Census Tract 4203.02, Norfolk County, Massachusetts",1078,175
1400000US25021421100,25021421100,"Census Tract 4211, Norfolk County, Massachusetts",1036,411
1400000US25021421200,25021421200,"Census Tract 4212, Norfolk County, Massachusetts",1089,93
1400000US25021422100,25021422100,"Census Tract 4221, Norfolk County, Massachusetts",991,407
1400000US25021422200,25021422200,"Census Tract 4222, Norfolk County, Massachusetts",1155,70
1400000US25021422301,25021422301,"Census Tract 4223.01, Norfolk County, Massachusetts",1047,626
1400000US25021422302,25021422302,"Census Tract 4223.02, Norfolk County, Massachusetts",1227,81
1400000US25021422400,25021422400,"Census Tract 4224, Norfolk County, Massachusetts",1169,99
1400000US25021422501,25021422501,"Census Tract 4225.01, Norfolk County, Massachusetts",1029,83
1400000US25021422502,25021422502,"Census Tract 4225.02, Norfolk County, Massachusetts",957,77
1400000US25021422600,25021422600,"Census Tract 4226, Norfolk County, Massachusetts",843,767
1400000US25021422700,25021422700,"Census Tract 4227, Norfolk County, Massachusetts",1100,65
1400000US25021422800,25021422800,"Census Tract 4228, Norfolk County, Massachusetts",1341,82
1400000US25021423100,25021423100,"Census Tract 4231, Norfolk County, Massachusetts",1500,1373
1400000US25021440100,25021440100,"Census Tract 4401, Norfolk County, Massachusetts",1137,121
1400000US25021441201,25021441201,"Census Tract 4412.01, Norfolk County, Massachusetts",1016,151
1400000US25021441202,25021441202,"Census Tract 4412.02, Norfolk County, Massachusetts",859,927
1400000US25021442101,25021442101,"Census Tract 4421.01, Norfolk County, Massachusetts",1185,248
1400000US25021442102,25021442102,"Census Tract 4421.02, Norfolk County, Massachusetts",1017,137
1400000US25021442103,25021442103,"Census Tract 4421.03, Norfolk County, Massachusetts",-,**
1400000US25021442200,25021442200,"Census Tract 4422, Norfolk County, Massachusetts",1160,77
1400000US25021443101,25021443101,"Census Tract 4431.01, Norfolk County, Massachusetts",1340,244
1400000US25021443102,25021443102,"Census Tract 4431.02, Norfolk County, Massachusetts",929,176
1400000US25021456101,25021456101,"Census Tract 4561.01, Norfolk County, Massachusetts",698,1080
1400000US25021456102,25021456102,"Census Tract 4561.02, Norfolk County, Massachusetts",964,182
1400000US25021456200,25021456200,"Census Tract 4562, Norfolk County, Massachusetts",1086,166
1400000US25021456300,25021456300,"Census Tract 4563, Norfolk County, Massachusetts",1119,93
1400000US25021456401,25021456401,"Census Tract 4564.01, Norfolk County, Massachusetts",991,214
1400000US25021456402,25021456402,"Census Tract 4564.02, Norfolk County, Massachusetts",1313,692
1400000US25021457100,25021457100,"Census Tract 4571, Norfolk County, Massachusetts",1140,302
1400000US25025000000,25025000000,"Census Tract 0, Suffolk County, Massachusetts",-,**
1400000US25025000100,25025000100,"Census Tract 1, Suffolk County, Massachusetts",1261,144
1400000US25025000201,25025000201,"Census Tract 2.01, Suffolk County, Massachusetts",1386,169
1400000US25025000202,25025000202,"Census Tract 2.02, Suffolk County, Massachusetts",1278,124
1400000US25025000301,25025000301,"Census Tract 3.01, Suffolk County, Massachusetts",1462,381
1400000US25025000302,25025000302,"Census Tract 3.02, Suffolk County, Massachusetts",1679,98
1400000US25025000401,25025000401,"Census Tract 4.01, Suffolk County, Massachusetts",1208,70
1400000US25025000402,25025000402,"Census Tract 4.02, Suffolk County, Massachusetts",1594,435
1400000US25025000501,25025000501,"Census Tract 5.01, Suffolk County, Massachusetts",1312,46
1400000US25025000502,25025000502,"Census Tract 5.02, Suffolk County, Massachusetts",1233,87
1400000US25025000601,25025000601,"Census Tract 6.01, Suffolk County, Massachusetts",1358,95
1400000US25025000602,25025000602,"Census Tract 6.02, Suffolk County, Massachusetts",969,173
1400000US25025000701,25025000701,"Census Tract 7.01, Suffolk County, Massachusetts",1308,65
1400000US25025000702,25025000702,"Census Tract 7.02, Suffolk County, Massachusetts",1190,78
1400000US25025000801,25025000801,"Census Tract 8.01, Suffolk County, Massachusetts",1598,104
1400000US25025000802,25025000802,"Census Tract 8.02, Suffolk County, Massachusetts",1447,124
1400000US25025010101,25025010101,"Census Tract 101.01, Suffolk County, Massachusetts",1312,93
1400000US25025010102,25025010102,"Census Tract 101.02, Suffolk County, Massachusetts",1354,64
1400000US25025010201,25025010201,"Census Tract 102.01, Suffolk County, Massachusetts",1396,59
1400000US25025010202,25025010202,"Census Tract 102.02, Suffolk County, Massachusetts",1414,184
1400000US25025010300,25025010300,"Census Tract 103, Suffolk County, Massachusetts",464,130
1400000US25025010401,25025010401,"Census Tract 104.01, Suffolk County, Massachusetts",1433,165
1400000US25025010402,25025010402,"Census Tract 104.02, Suffolk County, Massachusetts",565,619
1400000US25025010500,25025010500,"Census Tract 105, Suffolk County, Massachusetts",1382,326
1400000US25025010600,25025010600,"Census Tract 106, Suffolk County, Massachusetts","2,000+",***
1400000US25025010700,25025010700,"Census Tract 107, Suffolk County, Massachusetts",1631,142
1400000US25025010800,25025010800,"Census Tract 108, Suffolk County, Massachusetts",1586,154
1400000US25025020100,25025020100,"Census Tract 201, Suffolk County, Massachusetts",1809,153
1400000US25025020200,25025020200,"Census Tract 202, Suffolk County, Massachusetts",1445,85
1400000US25025020300,25025020300,"Census Tract 203, Suffolk County, Massachusetts",1875,131
1400000US25025030100,25025030100,"Census Tract 301, Suffolk County, Massachusetts",1198,92
1400000US25025030200,25025030200,"Census Tract 302, Suffolk County, Massachusetts",1178,158
1400000US25025030300,25025030300,"Census Tract 303, Suffolk County, Massachusetts",1703,265
1400000US25025030400,25025030400,"Census Tract 304, Suffolk County, Massachusetts",1311,101
1400000US25025030500,25025030500,"Census Tract 305, Suffolk County, Massachusetts",1589,176
1400000US25025040100,25025040100,"Census Tract 401, Suffolk County, Massachusetts",1556,304
1400000US25025040200,25025040200,"Census Tract 402, Suffolk County, Massachusetts",841,304
1400000US25025040300,25025040300,"Census Tract 403, Suffolk County, Massachusetts",1202,216
1400000US25025040400,25025040400,"Census Tract 404, Suffolk County, Massachusetts",855,25
1400000US25025040600,25025040600,"Census Tract 406, Suffolk County, Massachusetts",1333,430
1400000US25025040800,25025040800,"Census Tract 408, Suffolk County, Massachusetts",367,196
1400000US25025050100,25025050100,"Census Tract 501, Suffolk County, Massachusetts",1002,103
1400000US25025050200,25025050200,"Census Tract 502, Suffolk County, Massachusetts",1100,86
1400000US25025050300,25025050300,"Census Tract 503, Suffolk County, Massachusetts",555,252
1400000US25025050400,25025050400,"Census Tract 504, Suffolk County, Massachusetts",1024,100
1400000US25025050500,25025050500,"Census Tract 505, Suffolk County, Massachusetts",1099,67
1400000US25025050600,25025050600,"Census Tract 506, Suffolk County, Massachusetts",1103,63
1400000US25025050700,25025050700,"Census Tract 507, Suffolk County, Massachusetts",1238,88
1400000US25025050900,25025050900,"Census Tract 509, Suffolk County, Massachusetts",1120,45
1400000US25025051000,25025051000,"Census Tract 510, Suffolk County, Massachusetts",862,124
1400000US25025051100,25025051100,"Census Tract 511, Suffolk County, Massachusetts",1292,103
1400000US25025051200,25025051200,"Census Tract 512, Suffolk County, Massachusetts",1017,141
1400000US25025060100,25025060100,"Census Tract 601, Suffolk County, Massachusetts",1127,61
1400000US25025060200,25025060200,"Census Tract 602, Suffolk County, Massachusetts",1516,335
1400000US25025060300,25025060300,"Census Tract 603, Suffolk County, Massachusetts",1300,288
1400000US25025060400,25025060400,"Census Tract 604, Suffolk County, Massachusetts",1098,105
1400000US25025060500,25025060500,"Census Tract 605, Suffolk County, Massachusetts",1194,98
1400000US25025060600,25025060600,"Census Tract 606, Suffolk County, Massachusetts",1699,599
1400000US25025060700,25025060700,"Census Tract 607, Suffolk County, Massachusetts",444,123
1400000US25025060800,25025060800,"Census Tract 608, Suffolk County, Massachusetts",1051,132
1400000US25025061000,25025061000,"Census Tract 610, Suffolk County, Massachusetts",413,200
1400000US25025061100,25025061100,"Census Tract 611, Suffolk County, Massachusetts",281,65
1400000US25025061200,25025061200,"Census Tract 612, Suffolk County, Massachusetts",1334,178
1400000US25025070100,25025070100,"Census Tract 701, Suffolk County, Massachusetts",1326,71
1400000US25025070200,25025070200,"Census Tract 702, Suffolk County, Massachusetts",697,60
1400000US25025070300,25025070300,"Census Tract 703, Suffolk County, Massachusetts",1511,362
1400000US25025070400,25025070400,"Census Tract 704, Suffolk County, Massachusetts",526,64
1400000US25025070500,25025070500,"Census Tract 705, Suffolk County, Massachusetts",1131,336
1400000US25025070600,25025070600,"Census Tract 706, Suffolk County, Massachusetts",1721,235
1400000US25025070700,25025070700,"Census Tract 707, Suffolk County, Massachusetts",1317,241
1400000US25025070800,25025070800,"Census Tract 708, Suffolk County, Massachusetts",1075,172
1400000US25025070900,25025070900,"Census Tract 709, Suffolk County, Massachusetts",626,84
1400000US25025071100,25025071100,"Census Tract 711, Suffolk County, Massachusetts",985,178
1400000US25025071200,25025071200,"Census Tract 712, Suffolk County, Massachusetts",349,174
1400000US25025080100,25025080100,"Census Tract 801, Suffolk County, Massachusetts",725,342
1400000US25025080300,25025080300,"Census Tract 803, Suffolk County, Massachusetts",435,226
1400000US25025080400,25025080400,"Census Tract 804, Suffolk County, Massachusetts",392,698
1400000US25025080500,25025080500,"Census Tract 805, Suffolk County, Massachusetts",548,175
1400000US25025080600,25025080600,"Census Tract 806, Suffolk County, Massachusetts",437,199
1400000US25025080800,25025080800,"Census Tract 808, Suffolk County, Massachusetts",872,192
1400000US25025080900,25025080900,"Census Tract 809, Suffolk County, Massachusetts",1381,309
1400000US25025081000,25025081000,"Census Tract 810, Suffolk County, Massachusetts",729,181
1400000US25025081100,25025081100,"Census Tract 811, Suffolk County, Massachusetts",1229,87
1400000US25025081200,25025081200,"Census Tract 812, Suffolk County, Massachusetts",294,117
1400000US25025081300,25025081300,"Census Tract 813, Suffolk County, Massachusetts",398,70
1400000US25025081400,25025081400,"Census Tract 814, Suffolk County, Massachusetts",1192,130
1400000US25025081500,25025081500,"Census Tract 815, Suffolk County, Massachusetts",1023,716
1400000US25025081700,25025081700,"Census Tract 817, Suffolk County, Massachusetts",725,235
1400000US25025081800,25025081800,"Census Tract 818, Suffolk County, Massachusetts",1048,94
1400000US25025081900,25025081900,"Census Tract 819, Suffolk County, Massachusetts",825,60
1400000US25025082000,25025082000,"Census Tract 820, Suffolk County, Massachusetts",824,152
1400000US25025082100,25025082100,"Census Tract 821, Suffolk County, Massachusetts",509,105
1400000US25025090100,25025090100,"Census Tract 901, Suffolk County, Massachusetts",918,124
1400000US25025090200,25025090200,"Census Tract 902, Suffolk County, Massachusetts",416,69
1400000US25025090300,25025090300,"Census Tract 903, Suffolk County, Massachusetts",792,171
1400000US25025090400,25025090400,"Census Tract 904, Suffolk County, Massachusetts",698,410
1400000US25025090600,25025090600,"Census Tract 906, Suffolk County, Massachusetts",1304,172
1400000US25025090700,25025090700,"Census Tract 907, Suffolk County, Massachusetts",1179,97
1400000US25025090900,25025090900,"Census Tract 909, Suffolk County, Massachusetts",1191,208
1400000US25025091000,25025091000,"Census Tract 910, Suffolk County, Massachusetts",1063,78
1400000US25025091100,25025091100,"Census Tract 911, Suffolk County, Massachusetts",1259,136
1400000US25025091200,25025091200,"Census Tract 912, Suffolk County, Massachusetts",851,208
1400000US25025091300,25025091300,"Census Tract 913, Suffolk County, Massachusetts",1186,131
1400000US25025091400,25025091400,"Census Tract 914, Suffolk County, Massachusetts",917,124
1400000US25025091500,25025091500,"Census Tract 915, Suffolk County, Massachusetts",950,237
1400000US25025091600,25025091600,"Census Tract 916, Suffolk County, Massachusetts",1101,109
1400000US25025091700,25025091700,"Census Tract 917, Suffolk County, Massachusetts",1332,87
1400000US25025091800,25025091800,"Census Tract 918, Suffolk County, Massachusetts",1169,207
1400000US25025091900,25025091900,"Census Tract 919, Suffolk County, Massachusetts",1116,119
1400000US25025092000,25025092000,"Census Tract 920, Suffolk County, Massachusetts",1159,292
1400000US25025092100,25025092100,"Census Tract 921, Suffolk County, Massachusetts",1203,117
1400000US25025092200,25025092200,"Census Tract 922, Suffolk County, Massachusetts",1319,151
1400000US25025092300,25025092300,"Census Tract 923, Suffolk County, Massachusetts",1115,223
1400000US25025092400,25025092400,"Census Tract 924, Suffolk County, Massachusetts",738,122
1400000US25025100100,25025100100,"Census Tract 1001, Suffolk County, Massachusetts",640,223
1400000US25025100200,25025100200,"Census Tract 1002, Suffolk County, Massachusetts",999,159
1400000US25025100300,25025100300,"Census Tract 1003, Suffolk County, Massachusetts",1200,111
1400000US25025100400,25025100400,"Census Tract 1004, Suffolk County, Massachusetts",1339,61
1400000US25025100500,25025100500,"Census Tract 1005, Suffolk County, Massachusetts",1160,83
1400000US25025100601,25025100601,"Census Tract 1006.01, Suffolk County, Massachusetts",1143,109
1400000US25025100602,25025100602,"Census Tract 1006.02, Suffolk County, Massachusetts",886,261
1400000US25025100700,25025100700,"Census Tract 1007, Suffolk County, Massachusetts",1040,280
1400000US25025100800,25025100800,"Census Tract 1008, Suffolk County, Massachusetts",1175,143
1400000US25025100900,25025100900,"Census Tract 1009, Suffolk County, Massachusetts",1167,222
1400000US25025101001,25025101001,"Census Tract 1010.01, Suffolk County, Massachusetts",1025,114
1400000US25025101002,25025101002,"Census Tract 1010.02, Suffolk County, Massachusetts",918,374
1400000US25025101101,25025101101,"Census Tract 1011.01, Suffolk County, Massachusetts",1280,167
1400000US25025101102,25025101102,"Census Tract 1011.02, Suffolk County, Massachusetts",1275,146
1400000US25025110100,25025110100,"Census Tract 1101, Suffolk County, Massachusetts",1065,103
1400000US25025110200,25025110200,"Census Tract 1102, Suffolk County, Massachusetts",883,157
1400000US25025110300,25025110300,"Census Tract 1103, Suffolk County, Massachusetts",1368,473
1400000US25025110401,25025110401,"Census Tract 1104.01, Suffolk County, Massachusetts",1335,146
1400000US25025110402,25025110402,"Census Tract 1104.02, Suffolk County, Massachusetts",1026,453
1400000US25025110501,25025110501,"Census Tract 1105.01, Suffolk County, Massachusetts",1326,213
1400000US25025110502,25025110502,"Census Tract 1105.02, Suffolk County, Massachusetts",1285,96
1400000US25025110601,25025110601,"Census Tract 1106.01, Suffolk County, Massachusetts",1794,708
1400000US25025110602,25025110602,"Census Tract 1106.02, Suffolk County, Massachusetts",1360,86
1400000US25025120101,25025120101,"Census Tract 1201.01, Suffolk County, Massachusetts",1238,95
1400000US25025120102,25025120102,"Census Tract 1201.02, Suffolk County, Massachusetts",1673,210
1400000US25025120200,25025120200,"Census Tract 1202, Suffolk County, Massachusetts",1287,103
1400000US25025120300,25025120300,"Census Tract 1203, Suffolk County, Massachusetts",1091,299
1400000US25025120400,25025120400,"Census Tract 1204, Suffolk County, Massachusetts",1308,116
1400000US25025120500,25025120500,"Census Tract 1205, Suffolk County, Massachusetts",1264,147
1400000US25025120600,25025120600,"Census Tract 1206, Suffolk County, Massachusetts",1721,122
1400000US25025120700,25025120700,"Census Tract 1207, Suffolk County, Massachusetts",1283,139
1400000US25025130100,25025130100,"Census Tract 1301, Suffolk County, Massachusetts",1379,229
1400000US25025130200,25025130200,"Census Tract 1302, Suffolk County, Massachusetts",1472,140
1400000US25025130300,25025130300,"Census Tract 1303, Suffolk County, Massachusetts",1224,215
1400000US25025130401,25025130401,"Census Tract 1304.01, Suffolk County, Massachusetts",1040,109
1400000US25025130402,25025130402,"Census Tract 1304.02, Suffolk County, Massachusetts",1089,108
1400000US25025140102,25025140102,"Census Tract 1401.02, Suffolk County, Massachusetts",1194,166
1400000US25025140103,25025140103,"Census Tract 1401.03, Suffolk County, Massachusetts",1413,274
1400000US25025140104,25025140104,"Census Tract 1401.04, Suffolk County, Massachusetts",787,105
1400000US25025140201,25025140201,"Census Tract 1402.01, Suffolk County, Massachusetts",1102,52
1400000US25025140202,25025140202,"Census Tract 1402.02, Suffolk County, Massachusetts",1119,132
1400000US25025140300,25025140300,"Census Tract 1403, Suffolk County, Massachusetts",1274,161
1400000US25025140400,25025140400,"Census Tract 1404, Suffolk County, Massachusetts",1088,120
1400000US25025150100,25025150100,"Census Tract 1501, Suffolk County, Massachusetts",-,**
1400000US25025160100,25025160100,"Census Tract 1601, Suffolk County, Massachusetts",1120,42
1400000US25025160200,25025160200,"Census Tract 1602, Suffolk County, Massachusetts",1034,86
1400000US25025160300,25025160300,"Census Tract 1603, Suffolk County, Massachusetts",740,222
1400000US25025160400,25025160400,"Census Tract 1604, Suffolk County, Massachusetts",916,528
1400000US25025160500,25025160500,"Census Tract 1605, Suffolk County, Massachusetts",858,112
1400000US25025160600,25025160600,"Census Tract 1606, Suffolk County, Massachusetts",1078,86
1400000US25025170100,25025170100,"Census Tract 1701, Suffolk County, Massachusetts",1165,141
1400000US25025170200,25025170200,"Census Tract 1702, Suffolk County, Massachusetts",685,309
1400000US25025170300,25025170300,"Census Tract 1703, Suffolk County, Massachusetts",1252,178
1400000US25025170400,25025170400,"Census Tract 1704, Suffolk County, Massachusetts",1045,82
1400000US25025170500,25025170500,"Census Tract 1705, Suffolk County, Massachusetts",1185,99
1400000US25025170600,25025170600,"Census Tract 1706, Suffolk County, Massachusetts",993,98
1400000US25025170700,25025170700,"Census Tract 1707, Suffolk County, Massachusetts",1065,68
1400000US25025170800,25025170800,"Census Tract 1708, Suffolk County, Massachusetts",1042,69
1400000US25025180100,25025180100,"Census Tract 1801, Suffolk County, Massachusetts",1135,188
1400000US25025180200,25025180200,"Census Tract 1802, Suffolk County, Massachusetts",1161,75
1400000US25025180300,25025180300,"Census Tract 1803, Suffolk County, Massachusetts",1273,303
1400000US25025180400,25025180400,"Census Tract 1804, Suffolk County, Massachusetts",1335,46
1400000US25025180500,25025180500,"Census Tract 1805, Suffolk County, Massachusetts",1200,108
